Name,Type,Google Maps url,Google Maps rating,Reddit url,Lat,Lng
"Semma (#1, 1560 upvotes)",South Indian Restaurant,https://www.google.com/maps/search/?api=1&query=xyz&query_place_id=ChIJxZmzO7hZwokRx2fls4uU4YU,4.2 (1511 reviews),https://www.reddit.com/r/FoodNYC/comments/1qs7tdp/semma_hiding_a_b_rating/,40.736030,-74.000564
"The Red Lion | NYC (#2, 916 upvotes)",Bar,https://www.google.com/maps/search/?api=1&query=xyz&query_place_id=ChIJP-ez6JFZwokRmE9GgYPsvUA,4.4 (1900 reviews),https://www.reddit.com/r/FoodNYC/comments/1rcntm3/psa_to_check_your_tab_at_the_red_lion_on_bleecker/,40.728488,-73.999431
"Wingstop (#3, 839 upvotes)",Chicken Wings Restaurant,https://www.google.com/maps/search/?api=1&query=xyz&query_place_id=ChIJyUZ97FxZwokRifkag7p2sRM,2.6 (311 reviews),https://www.reddit.com/r/FoodNYC/comments/1qzp4rp/some_sort_of_meltdown_at_the_wing_stop_hells/,40.765762,-73.983865
"Biryani Cart (#4, 588 upvotes)",Fast Food Restaurant,https://www.google.com/maps/search/?api=1&query=xyz&query_place_id=ChIJB_YNY5ZZwokRHcaO7a3LSio,4.0 (321 reviews),https://www.reddit.com/r/FoodNYC/comments/1r2ijrd/biriyani_bol/,40.757466,-73.982564
"Russ & Daughters (#5, 493 upvotes)",Bagel Shop,https://www.google.com/maps/search/?api=1&query=xyz&query_place_id=ChIJ7VEEjYNZwokRS0bdsXA3uyg,4.6 (4558 reviews),https://www.reddit.com/r/FoodNYC/comments/1qvtfbi/russ_daughters/,40.722580,-73.988313
"Fay Da Bakery (#6, 428 upvotes)",Bakery,https://www.google.com/maps/search/?api=1&query=xyz&query_place_id=ChIJcZSxyJNZwokRE_3Snje_so4,4.5 (287 reviews),https://www.reddit.com/r/FoodNYC/comments/1r07f5t/blt_from_fay_da_dont_sleep_on_the_chinese/,40.731103,-74.001608
"Casa Cugine (#7, 418 upvotes)",Cafe,https://www.google.com/maps/search/?api=1&query=xyz&query_place_id=ChIJG7kBWQBZwokRwAI1uDTkquU,4.6 (86 reviews),https://www.reddit.com/r/FoodNYC/comments/1r95cem/casa_cugine_sandwiches/,40.717730,-73.945161
"Theodora (#8, 404 upvotes)",Mediterranean Restaurant,https://www.google.com/maps/search/?api=1&query=xyz&query_place_id=ChIJJye7jZBbwokRtioAck7uEIg,4.6 (601 reviews),https://www.reddit.com/r/FoodNYC/comments/1rceleb/theodora_brooklyn/,40.686057,-73.973108
"Steakfreak (#9, 390 upvotes)",Fast Food Restaurant,https://www.google.com/maps/search/?api=1&query=xyz&query_place_id=ChIJSd0FMABZwokRjCVckjcyq6U,5.0 (22 reviews),https://www.reddit.com/r/FoodNYC/comments/1r2202f/food_cart_review_steak_freak/,40.760088,-73.981067
"Chim Chim (#10, 269 upvotes)",Bakery,https://www.google.com/maps/search/?api=1&query=xyz&query_place_id=ChIJt-w9bQBZwokRhJaVYXFxEg4,4.6 (28 reviews),https://www.reddit.com/r/FoodNYC/comments/1qyhd0i/finally_got_a_piece/,40.735077,-73.980331
"Emily (#11, 266 upvotes)",Restaurant,https://www.google.com/maps/search/?api=1&query=xyz&query_place_id=ChIJheDLi5JZwokR3olqGKqz8hI,4.5 (3356 reviews),https://www.reddit.com/r/FoodNYC/comments/1ra8nyd/finally_tried_that_one_burger_at_emily/,40.729528,-74.003846
"King of Falafel & Shawarma (#12, 262 upvotes)",Middle Eastern Restaurant,https://www.google.com/maps/search/?api=1&query=xyz&query_place_id=ChIJ1WruMDdfwokRyKCxb3ItMBA,4.2 (1983 reviews),https://www.reddit.com/r/FoodNYC/comments/1r3oewk/mixed_shawarma_platter_from_king_of_falafel/,40.762251,-73.925520
"Hindu Temple Canteen (#13, 245 upvotes)",South Indian Restaurant,https://www.google.com/maps/search/?api=1&query=xyz&query_place_id=ChIJK2i9vj9gwokRmSSSQPoeGb8,4.6 (2009 reviews),https://www.reddit.com/r/FoodNYC/comments/1qyxg8e/paper_masala_dosa_at_temple_canteen/,40.752620,-73.816511
"Shawarma Bay (#14, 217 upvotes)",Halal Restaurant,https://www.google.com/maps/search/?api=1&query=xyz&query_place_id=ChIJT4kVjDZZwokRsgihowJ5Szo,4.8 (1248 reviews),https://www.reddit.com/r/FoodNYC/comments/1r8zlg0/shawarma_bays_chapli_kabobs_at_1st_and_57th_they/,40.760775,-73.979484
"KOMA Sushi (#15, 216 upvotes)",Sushi Restaurant,https://www.google.com/maps/search/?api=1&query=xyz&query_place_id=ChIJLwYcc_FFwokRxlcwql5WsGs,4.6 (385 reviews),https://www.reddit.com/r/FoodNYC/comments/1r6whhm/koma_kosher_ayce_omakase_whole_tuna_carving_every/,40.618013,-73.958444
"Golden Hof - Korean Bar & Grill (#16, 201 upvotes)",Korean Restaurant,https://www.google.com/maps/search/?api=1&query=xyz&query_place_id=ChIJc6vecABZwokRBHqMFj4UsbY,4.1 (275 reviews),https://www.reddit.com/r/FoodNYC/comments/1ret72h/golden_hof_sister_to_golden_diners_one_year/,40.757622,-73.979216
"Moody Tongue Pizza (#17, 196 upvotes)",Pizza Restaurant,https://www.google.com/maps/search/?api=1&query=xyz&query_place_id=ChIJGSBX5MNZwokR8dULUeLZH5M,4.2 (71 reviews),https://www.reddit.com/r/FoodNYC/comments/1rbn42s/takoyaki_pizza/,40.726909,-73.983347
"Bowery Meat Company (#18, 191 upvotes)",Restaurant,https://www.google.com/maps/search/?api=1&query=xyz&query_place_id=ChIJn8fJ_YRZwokRYiSB8y4Qneg,4.5 (1264 reviews),https://www.reddit.com/r/FoodNYC/comments/1qy0vu4/bowery_meat_company/,40.724567,-73.991841
"Sake No Hana (#19, 188 upvotes)",Japanese Restaurant,https://www.google.com/maps/search/?api=1&query=xyz&query_place_id=ChIJHUrr2YdZwokR4fOebsAwpiQ,4.0 (412 reviews),https://www.reddit.com/r/FoodNYC/comments/1rg5row/psa_if_youre_going_to_the_sake_no_hana_x/,40.719125,-73.994153
"Win Son (#20, 183 upvotes)",Taiwanese Restaurant,https://www.google.com/maps/search/?api=1&query=xyz&query_place_id=ChIJ4-bYSvxbwokRPhLlLQFzOEo,4.5 (1443 reviews),https://www.reddit.com/r/FoodNYC/comments/1qt4qad/wtf_happened_to_win_son/,40.707466,-73.943495
"Mazzola Bakery (#21, 175 upvotes)",Bakery,https://www.google.com/maps/search/?api=1&query=xyz&query_place_id=ChIJqRAR4ltawokRTWY_DA1RfAU,4.6 (500 reviews),https://www.reddit.com/r/FoodNYC/comments/1rejw2v/lard_bread_from_mazzola_bakery/,40.683314,-73.999655
"Curry Corner Indian Cuisine (#22, 163 upvotes)",Indian Restaurant,https://www.google.com/maps/search/?api=1&query=xyz&query_place_id=ChIJGyP3UbBfwokRdZyIW7KPrM0,4.9 (148 reviews),https://www.reddit.com/r/FoodNYC/comments/1r51nes/curry_corner_astoria/,40.765757,-73.919253
"Momo Sushi Shack (#23, 159 upvotes)",Sushi Restaurant,https://www.google.com/maps/search/?api=1&query=xyz&query_place_id=ChIJ34aX5gBcwokREbremOF3FIY,4.4 (478 reviews),https://www.reddit.com/r/FoodNYC/comments/1rb4mtd/hiroshimastyle_okonomiyaki/,40.705164,-73.933408
"Gaia Masala & Burger New York (#24, 157 upvotes)",Indian Restaurant,https://www.google.com/maps/search/?api=1&query=xyz&query_place_id=ChIJk6U4fq1fwokRzFzfiyyikPo,5.0 (412 reviews),https://www.reddit.com/r/FoodNYC/comments/1rgg714/cheesy_chicken_tikka_masala_fries_from_gaia/,40.761183,-73.923235
"Sake No Hana (#25, 143 upvotes)",Japanese Restaurant,https://www.google.com/maps/search/?api=1&query=xyz&query_place_id=ChIJHUrr2YdZwokR4fOebsAwpiQ,4.0 (412 reviews),https://www.reddit.com/r/FoodNYC/comments/1rgmcee/seirinkan_x_sake_no_hana_a_different_perspective/,40.719125,-73.994153
